claim_id,claim,theorem_or_lemma,proof_or_checker,source_or_test,experiment,figure_or_table,raw_result,maturity,fresh_recheck,independent_external_review
C01,Matching-compatible differences of ideals characterize one epoch; service is induced weighted critical path,Lemma 1,proofs/model.md; checker.py,tests: nonideal/nonmatching/implicit FIFO,exhaustive,paper Section II,results/exhaustive.jsonl,proved argument; finite-checked,2026-09-14; current code recomputed from clean ZIP extraction; written proof self-audited,no
C02,Logical termination and drained transitions under reserved storage and finite reliable completion,Corollary 1,proofs/model.md; checker.py,premature-boundary and coverage controls,weighted and scale,paper Section II,results/certificates/,proved under assumptions; not hardware deadlock proof,2026-09-14; current code recomputed from clean ZIP extraction; written proof self-audited,no
C03,Saturation preserves minimum nonempty epoch count,Theorem 1; Lemma 2,proofs/model.md; epochs.py,independent oracle.spectra,exhaustive,paper Section III,results/exhaustive.jsonl,proved argument; finite-checked,2026-09-14; current code recomputed from clean ZIP extraction; written proof self-audited,no
C04,1 <= Csat/Csel <= (W+c)/(B+c) <= floor(n/2),Theorem 2,proofs/model.md,standard workload reasoning; not claimed new alone,weighted,paper Section IV Eq.6,results/weighted.jsonl,proved argument; finite-checked,2026-09-14; current code recomputed from clean ZIP extraction; written proof self-audited,no
C05,Equal-count tight family on a path support and out-tree task graph,Theorem 3,proofs/model.md; generators.fork,formula-grid tests and explicit schedules,weighted fork; scale,"paper Figure 1, Figure 2, Eqs.7–9",inputs/scale.jsonl; results/scale.jsonl,proved argument; finite-checked; no priority claim,2026-09-14; current code recomputed from clean ZIP extraction; written proof self-audited,no
C06,Unit-duration expansion preserves costs but grows task count,Corollary 2,proofs/model.md; generators.fork,unit expansion tests,weighted unit-fork,paper Section IV,results/weighted.jsonl,proved argument; finite-checked,2026-09-14; current code recomputed from clean ZIP extraction; written proof self-audited,no
C07,Unique-pair and total-order nulls; independent queues are not a null class,Proposition 1 and counterexample,proofs/model.md,null and independent-queue regression tests,tests,paper Section IV,results/tests.txt,proved argument; finite-checked,2026-09-14; current code recomputed from clean ZIP extraction; written proof self-audited,no
C08,Exact bounded ideal/count recurrence and spectra,Theorem 4,epochs.py; proofs/model.md,independent N^N assignment enumeration,exhaustive,paper Section V,results/exhaustive.jsonl,proved recurrence; finite implementation agreement,2026-09-14; current code recomputed from clean ZIP extraction; written proof self-audited,no
C09,Completion-triggered replay obeys bounded-duration envelope,Theorem 5,proofs/model.md; reproduce.replay,one-task unbounded/nominal timer countermodels,960 weighted replays,paper Section V,results/weighted.jsonl robustness fields,proved under envelope; finite-checked,2026-09-14; current code recomputed from clean ZIP extraction; written proof self-audited,no
C10,"6912 labeled encodings, 1373760 assignments, 48320 valid, zero spectrum disagreements",not applicable,oracle.py; reproduce.py,exact retained inputs,exhaustive,paper Section VI.A,results/summary.json; results/exhaustive.jsonl,"measured finite result, not universal machine proof",2026-09-14; current code recomputed from clean ZIP extraction; written proof self-audited,no
C11,All 120 generated Allreduce and 20 pair-exchange cases tie exact policies at all four setups,not applicable,reproduce.py,frozen input selection,weighted,paper Table I and Section VI.C,results/family_summary.csv; results/weighted.jsonl,measured null; no universal collective claim,2026-09-14; current code recomputed from clean ZIP extraction; written proof self-audited,no
C12,3000 symbolic data-coverage checks; 46 regression tests,not applicable,checker.check_collective; tests/,strict semantic metadata; source captured at start,weighted and tests,paper Section VI.D,results/summary.json; results/tests.txt,finite-checked; not numerical GPU execution,2026-09-14; current code recomputed from clean ZIP extraction; written proof self-audited,no
C13,80 construction inputs up to 64 endpoints and 95 tasks,Theorem 3 for optimality,reproduce.run_scale; checker.py,"explicit feasible schedules, not large exact optimization",scale,paper Figure 2,inputs/scale.jsonl; results/scale.jsonl; results/certificates/scale*.json,finite certificate checks with written lower-bound proof,2026-09-14; current code recomputed from clean ZIP extraction; written proof self-audited,no
C14,Current code recomputes retained scientific outputs from a clean extraction,not applicable,verify_results.py; README.md commands,separate output directory; structural comparison excludes resource measurements,clean reproduction,artifact README,results/reproduction-check.json,clean-extraction finite reproduction verified; not independent human review,"2026-09-14; 7232 rows, 46 tests, all README scientific commands and derived paper data checked",no
C15,"Novelty, specified literature calibration and 12-page article completion",not applicable,research-plan.md; CURRENT-STATE.md,adversarial source comparison,not complete,current PDF first-page note,not applicable,unresolved; not claimed complete,2026-09-14; current artifact self-check,no
