name,url,license,access_date,resource_type,acquisition_method,integration_mode,supported_claim,read_extent,internals_modified
ProjecToR,https://people.csail.mit.edu/ghobadi/papers/projector_sigcomm_2016.pdf,ACM author copy; redistribution not assumed,2026-09-14,scholarly paper,browser full text and figures,citation only,historical optical controller; distinct flow-bundle guarantee,"full substantive text, 14 PDF pages",no
CCL,https://snir.cs.illinois.edu/listed/J39.pdf,IEEE personal-use author copy; not redistributed,2026-09-14,scholarly paper,all 11 PDF pages visually read,citation only,round/data-volume costs; communication semantics,"full substantive text, pp.154–164",no
HEFT,https://disco.ethz.ch/courses/fs14/seminar/paper/Jochen/4.pdf,IEEE personal-use paper copy; not redistributed,2026-09-14,scholarly paper,all 15 PDF pages visually read,citation only,heterogeneous placement differs from fixed-pair batching,"full substantive text, pp.260–274",no
Communication Contention in Task Scheduling,https://scispace.com/pdf/communication-contention-in-task-scheduling-3uye8drqbn.pdf,IEEE author reprint in repository mirror; not redistributed,2026-09-14,scholarly paper,full paper text; proof and evaluation page images,citation only,link contention is established prior work,"full substantive paper, pp.503–515, excluding mirror cover",no
Sparse tensor latency hiding,https://www.cs.bilkent.edu.tr/~aykanat/lib/exe/fetch.php?media=tpds-tensor-latencyhiding.pdf,IEEE personal-use author copy; not redistributed,2026-09-14,scholarly paper,full paper text and algorithm/evaluation page images,citation only,application-specific latency hiding differs from fixed-DAG admission,"full substantive text, pp.3028–3040",no
Harvest,https://arxiv.org/html/2602.09188v1,CC BY-NC-ND 4.0; no copy redistributed,2026-09-14,scholarly preprint,full HTML text including appendix,citation only,fixed step sequence and topology/interval optimization,full substantive text,no
SWOT,https://arxiv.org/html/2510.19322v1,CC0; no copy redistributed,2026-09-14,scholarly preprint,full HTML main text,citation only,overlap across different optical switches,full substantive main text,no
Bridge,https://arxiv.org/html/2605.12766v1,CC BY-NC-ND 4.0; no copy redistributed,2026-09-14,scholarly preprint,full HTML main text and theorem passages,citation only,reusable subrings and Bruck step boundaries,full substantive main text,no
DAG Scheduling in the BSP Model,https://arxiv.org/html/2303.05989v1,Public arXiv preprint; redistribution not assumed,2026-09-14,scholarly preprint,selected full passages,citation only,standard workload comparison; not a novelty claim,Sections 1–4 selected passages; not counted as full calibration,no
Fair Coflow Scheduling via Controlled Slowdown,https://arxiv.org/html/2208.06513v1,CC BY 4.0; no copy redistributed,2026-09-14,scholarly author preprint,full main text and proof appendix,citation only,isolation-relative slowdown differs from policy-optimum ratio,full textual author preprint; final TPDS 2024 layout not read,no
BandPilot,https://arxiv.org/html/2506.15595v5,arXiv perpetual nonexclusive license; no copy redistributed,2026-09-14,scholarly author preprint,metadata and selected opening/model passages,screened only,no claim relies on unread portions,partial only; not counted as full calibration,no
Stochastic coflow priority bounds,https://arxiv.org/html/2504.00628v1,CC BY-NC-SA 4.0; no copy redistributed,2026-09-14,scholarly author preprint,metadata and selected opening/LP passages,screened only,no claim relies on unread portions,partial only; not counted as full calibration,no
GPU interconnect evaluation,https://arxiv.org/pdf/1903.04611,Public author preprint; redistribution not assumed,2026-09-14,scholarly author preprint,opening passages,screened only,no claim relies on unread portions,partial only; not counted as full calibration,no
TPDS author information,https://www.computer.org/csdl/journal/td/write-for-us/15085?title=Author%20Information&periodical=IEEE%20Transactions%20on%20Parallel%20and%20Distributed%20Systems,Publisher website; no redistribution,2026-09-14,official policy,browser re-open,"workflow source, not bibliography",detailed live rules remain unverified,JavaScript shell only; not successful rule verification,no
IEEE template selector,https://template-selector.ieee.org/,Publisher website; no redistribution,2026-09-14,official template source,browser re-open,"workflow source, not bibliography",current template-selector verification hold,reader access error,no
IEEE AI-generated content guidance,https://open.ieee.org/author-guidelines-for-artificial-intelligence-ai-generated-text/,Publisher website; no redistribution,2026-09-14,official policy,browser read,"workflow source, not bibliography",truthful substantive AI-use disclosure,official page accessible,no
Supplied IEEEtran class and style,https://ctan.org/pkg/ieeetran,LPPL 1.3 as retained in upstream headers,2026-09-14,publisher template asset,user-supplied template ZIP inspected structurally,unmodified class and style in outer paper directory only,IEEE journal family typesetting,actual supplied assets; no claim that CTAN was downloaded,no
Python standard library,https://docs.python.org/3/library/,PSF License; interpreter not redistributed,2026-09-14,runtime tool,"preinstalled runtime, no installation",standard-library calls only,"exact integer planner, event interpreter and generators",no external library code modified,no
