key,category,title,authors,year,venue,volume,number,pages,doi,source_url,source_read_scope,claim_supported,main_location,identity_note
projector,adjacent conference,{ProjecToR}: Agile Reconfigurable Data Center Interconnect,Monia Ghobadi and Ratul Mahajan and Amar Phanishayee and Nikhil R. Devanur and Janardhan Kulkarni and Gireeja Ranade and Pierre-Alexandre Blanche and Houman Rastegarfar and Madeleine Glick and Daniel C. Kilper,2016,Proceedings of ACM SIGCOMM,,,216--229,10.1145/2934872.2934911,https://people.csail.mit.edu/ghobadi/papers/projector_sigcomm_2016.pdf,Full substantive author PDF; controller and evaluation figures consulted,Hardware/flow-bundle motivation; not a reproduced experimental baseline,II; VII.A,Canonical DOI or official scholarly record; not a batch DOI-endpoint validation claim
ccl,TPDS,{CCL}: A Portable and Tunable Collective Communication Library for Scalable Parallel Computers,Vasanth Bala and Jehoshua Bruck and Robert Cypher and Pablo Elustondo and Alex Ho and Ching-Tien Ho and Shlomo Kipnis and Marc Snir,1995,IEEE Transactions on Parallel and Distributed Systems,6,2,154--164,10.1109/71.342126,https://snir.cs.illinois.edu/listed/J39.pdf,Full substantive author-hosted published paper,Separate round and data-volume costs; not claimed new here,I; VII.C,Canonical DOI or official scholarly record; not a batch DOI-endpoint validation claim
heft,TPDS,Performance-Effective and Low-Complexity Task Scheduling for Heterogeneous Computing,Haluk Topcuoglu and Salim Hariri and Min-You Wu,2002,IEEE Transactions on Parallel and Distributed Systems,13,3,260--274,10.1109/71.993206,https://disco.ethz.ch/courses/fs14/seminar/paper/Jochen/4.pdf,Full substantive published paper copy,Heterogeneous task placement differs from fixed-pair admission,VII.C,Canonical DOI or official scholarly record; not a batch DOI-endpoint validation claim
contention,TPDS,Communication Contention in Task Scheduling,Oliver Sinnen and Leonel A. Sousa,2005,IEEE Transactions on Parallel and Distributed Systems,16,6,503--515,10.1109/TPDS.2005.64,https://scispace.com/pdf/communication-contention-in-task-scheduling-3uye8drqbn.pdf,Full substantive published paper in a repository mirror; source remains the original article,Communication-resource contention must be modeled explicitly,II; VII.C,Canonical DOI or official scholarly record; not a batch DOI-endpoint validation claim
tensor,TPDS,Scalable Unsupervised {ML}: Latency Hiding in Distributed Sparse Tensor Decomposition,Nabil Abubaker and M. Ozan Karsavuran and Cevdet Aykanat,2022,IEEE Transactions on Parallel and Distributed Systems,33,11,3028--3040,10.1109/TPDS.2021.3128827,https://www.cs.bilkent.edu.tr/~aykanat/lib/exe/fetch.php?media=tpds-tensor-latencyhiding.pdf,Full substantive author-hosted published paper,Application transformations can change the DAG before our problem begins,VII.D,Canonical DOI or official scholarly record; not a batch DOI-endpoint validation claim
harvest,versioned preprint,Harvest: Adaptive Photonic Switching Schedules for Collective Communication in Scale-up Domains,Mahir Rahman and Samuel Joseph and Nihar Kodkani and Behnaz Arzani and Vamsi Addanki,2026,arXiv:2602.09188v1,,,,,https://arxiv.org/html/2602.09188v1,Full substantive HTML; fixed-step recurrence and topology definition checked,Already optimizes holding/service and setup over fixed-step intervals; not our new claim,I; VII.B,Explicit cited arXiv revision; not represented as peer-reviewed publication
swot,versioned preprint,Enabling Reconfiguration-Communication Overlap for Collective Communication in Optical Networks,Changbo Wu and Zhuolong Yu and Gongming Zhao and Hongli Xu,2025,arXiv:2510.19322v1,,,,,https://arxiv.org/html/2510.19322v1,Full substantive HTML main text,Parallel-switch reconfiguration overlap is outside global-drain model,VII.B,Explicit cited arXiv revision; not represented as peer-reviewed publication
bridge,versioned preprint,Bridge: Optimizing Collective Communication Schedules in Reconfigurable Networks with Reusable Subrings,Anton Juerss and Stefan Schmid,2026,arXiv:2605.12766v1,,,,,https://arxiv.org/html/2605.12766v1,Full substantive HTML main text and theorem passages,Reusable subrings across Bruck steps; different topology structure,VII.B,Explicit cited arXiv revision; not represented as peer-reviewed publication
bsp,versioned preprint,{DAG} Scheduling in the {BSP} Model,P{\'a}l Andr{\'a}s Papp and Georg Anegg and A. N. Yzelman,2023,arXiv:2303.05989v1,,,,,https://arxiv.org/html/2303.05989v1,Selected Sections 1--4; not counted as a full-paper calibration sample,Established work/synchronization comparisons; no transfer of its approximation result,III; VII.C,Explicit cited arXiv revision; not represented as peer-reviewed publication
cofair,TPDS,Fair Coflow Scheduling via Controlled Slowdown,Francesco De Pellegrini and Vaibhav Kumar Gupta and Rachid El Azouzi and Serigne Gueye and C{\'e}dric Richier and J{\'e}r{\'e}mie Leguay,2024,IEEE Transactions on Parallel and Distributed Systems,35,12,2347--2360,10.1109/TPDS.2024.3446188,https://arxiv.org/html/2208.06513v1,Full textual author preprint and proof appendix; not the final TPDS layout,Isolation-relative slowdown is a different denominator,VII.C,Canonical DOI or official scholarly record; not a batch DOI-endpoint validation claim
bruck,TPDS,Efficient Algorithms for All-to-All Communications in Multiport Message-Passing Systems,Jehoshua Bruck and Ching-Tien Ho and Shlomo Kipnis and Eli Upfal and Derrick Weathersby,1997,IEEE Transactions on Parallel and Distributed Systems,8,11,1143--1156,10.1109/71.642949,https://doi.org/10.1109/71.642949,Substantive paper text consulted; DOI is canonical bibliographic address,Multiport round/volume costs and collective algorithm choice,VII.C,Canonical DOI or official scholarly record; not a batch DOI-endpoint validation claim
dcp,TPDS,Dynamic Critical-Path Scheduling: An Effective Technique for Allocating Task Graphs to Multiprocessors,Yu-Kwong Kwok and Ishfaq Ahmad,1996,IEEE Transactions on Parallel and Distributed Systems,7,5,506--521,10.1109/71.503776,https://ranger.uta.edu/~iahmad/journal-papers/%5BJ9%5DDynamic%20critical-path%20scheduling%20an%20effective%20technique%20for%20allocating%20task%20graphs%20to%20multiprocessors.pdf,All 16 author-hosted published-paper pages visually consulted,Dynamic criticality and placement are established scheduling decisions,VII.C,Canonical DOI or official scholarly record; not a batch DOI-endpoint validation claim
peft,TPDS,List Scheduling Algorithm for Heterogeneous Systems by an Optimistic Cost Table,Hamid Arabnejad and Jorge G. Barbosa,2014,IEEE Transactions on Parallel and Distributed Systems,25,3,682--694,10.1109/TPDS.2013.57,https://doi.org/10.1109/TPDS.2013.57,Substantive paper text consulted; DOI is canonical bibliographic address,"Optimistic downstream table for placement, not epoch admission",VII.C,Canonical DOI or official scholarly record; not a batch DOI-endpoint validation claim
gpu,TPDS,"Evaluating Modern {GPU} Interconnect: {PCIe}, {NVLink}, {NV-SLI}, {NVSwitch} and {GPUDirect}",Ang Li and Shuaiwen Leon Song and Jieyang Chen and Jiajia Li and Xu Liu and Nathan R. Tallent and Kevin J. Barker,2020,IEEE Transactions on Parallel and Distributed Systems,31,1,94--110,10.1109/TPDS.2019.2928289,https://arxiv.org/html/1903.04611v1,Substantive author-version body and conclusion; journal metadata checked separately,Measured interconnect behavior is not captured by our abstract service units,VII.D,Canonical DOI or official scholarly record; not a batch DOI-endpoint validation claim
bandpilot,TPDS,{BandPilot}: Toward Performance- and Contention-Aware {GPU} Dispatching in {AI} Clusters,Kunming Zhang and Hanlong Liao and Junyu Xue and Deke Guo and Guoming Tang,2026,IEEE Transactions on Parallel and Distributed Systems,37,10,,10.1109/TPDS.2026.3716225,https://arxiv.org/html/2506.15595v5,"Substantive author-version body; v5 header reports TPDS 37(10), DOI; final publisher layout not retrieved",Dispatching/placement and contention change inputs absent from fixed-DAG model,VII.D,Journal identity reported by author v5; no final page range fabricated
pipelining,TPDS,Pipelining Broadcasts on Heterogeneous Platforms,Olivier Beaumont and Arnaud Legrand and Loris Marchal and Yves Robert,2005,IEEE Transactions on Parallel and Distributed Systems,16,4,300--313,10.1109/TPDS.2005.48,https://doi.org/10.1109/TPDS.2005.48,Substantive paper text consulted; DOI is canonical bibliographic address,Periodic throughput and routing differ from a fixed finite phase,VII.C,Canonical DOI or official scholarly record; not a batch DOI-endpoint validation claim
divisible,TPDS,Scheduling Divisible Loads on Star and Tree Networks: Results and Open Problems,Olivier Beaumont and Henri Casanova and Arnaud Legrand and Yves Robert and Yang Yang,2005,IEEE Transactions on Parallel and Distributed Systems,16,3,207--218,10.1109/TPDS.2005.35,https://henricasanova.github.io/files/papers/beaumont_tpds2005.pdf,Full substantive 28-page author report; final published article has different pagination,Divisible work is not indivisible whole-task admission,VII.C,Canonical DOI or official scholarly record; not a batch DOI-endpoint validation claim
npbs,methods journal,Nonpreemptive Scheduling of Optical Switches,Alex Kesselman and Kirill Kogan,2007,IEEE Transactions on Communications,55,6,1212--1219,10.1109/TCOMM.2007.898848,https://doi.org/10.1109/TCOMM.2007.898848,"Model, objective, nonpreemption definition and algorithm passages in author-posted full text; not an independent reproduction",Whole aggregate input-output demands assigned once versus revisited task-level FIFO queues,I; VII.A,Canonical DOI or official scholarly record; not a batch DOI-endpoint validation claim
eclipse,adjacent conference,"Costly Circuits, Submodular Schedules and Approximate {Carath{\'e}odory} Theorems",Shaileshh Bojja Venkatakrishnan and Mohammad Alizadeh and Pramod Viswanath,2016,Proceedings of ACM SIGMETRICS,,,75--88,10.1145/2896377.2901479,https://people.csail.mit.edu/alizadeh/papers/eclipse-sigmetrics16.pdf,"Author PDF model, direct/indirect algorithms and evaluation passages; source-specific claim uses Section 3",Holding-time clipping predates this paper; new obligation is complete-task dominance after prefix changes,I; VII.A,Canonical DOI or official scholarly record; not a batch DOI-endpoint validation claim
spectra,versioned preprint,Scheduling Parallel Optical Circuit Switches for {AI} Training,Kevin Liang and Litao Qiao and Isaac Keslassy and Bill Lin,2026,arXiv:2603.07373v1,,,,,https://arxiv.org/html/2603.07373v1,Substantive HTML main text,Parallel OCS demand decomposition differs from one globally drained matching,VII.A,Explicit cited arXiv revision; not represented as peer-reviewed publication
active,methods journal,"Semi-Active, Active, and Non-Delay Schedules for the Resource-Constrained Project Scheduling Problem",Arno Sprecher and Rainer Kolisch and Andreas Drexl,1995,European Journal of Operational Research,80,1,94--102,10.1016/0377-2217(93)E0294-8,https://doi.org/10.1016/0377-2217(93)E0294-8,Publisher identity/abstract and schedule-class definitions; full published text was not accessible here,Schedule dominance is established; no invention of active/non-delay schedules is claimed,IV; VII.C,Canonical DOI or official scholarly record; not a batch DOI-endpoint validation claim
bron,methods journal,Algorithm 457: Finding All Cliques of an Undirected Graph,Coen Bron and Joep Kerbosch,1973,Communications of the ACM,16,9,575--577,10.1145/362342.362367,https://doi.org/10.1145/362342.362367,Original algorithm identity and clique-enumeration method consulted,Standard maximal-clique enumeration; not a novel matching-enumeration method,V.B,Canonical DOI or official scholarly record; not a batch DOI-endpoint validation claim
holyer,methods journal,The {NP}-Completeness of Edge-Coloring,Ian Holyer,1981,SIAM Journal on Computing,10,4,718--720,10.1137/0210055,https://doi.org/10.1137/0210055,Original hardness statement checked; the reduction into our model is proved here,"Cubic edge-coloring hardness used as a premise, not re-proved as new",V.B,Canonical DOI or official scholarly record; not a batch DOI-endpoint validation claim
memory,methods journal,Parallel Scheduling of Task Trees with Limited Memory,Lionel Eyraud-Dubois and Loris Marchal and Oliver Sinnen and Fr{\'e}d{\'e}ric Vivien,2015,ACM Transactions on Parallel Computing,2,2,13:1--13:37,10.1145/2779052,https://doi.org/10.1145/2779052,Author-version model and limited-memory premise consulted; not counted as full-paper calibration,Memory coupling lies outside reserved-storage monotonicity,VII.D,Canonical DOI or official scholarly record; not a batch DOI-endpoint validation claim
sccl,adjacent conference,Synthesizing Optimal Collective Algorithms,Zixian Cai and Zhengyang Liu and Saeed Maleki and Madanlal Musuvathi and Todd Mytkowicz and Jacob Nelson and Olli Saarikivi,2021,Proceedings of the ACM SIGPLAN Symposium on Principles and Practice of Parallel Programming,,,62--75,10.1145/3437801.3441620,https://arxiv.org/pdf/2008.08708,Author-paper semantic/synthesis and evaluation passages; published PPoPP identity checked separately,Collective synthesis with latency/bandwidth tradeoffs predates fixed-DAG admission,I; VII.B,Canonical DOI or official scholarly record; not a batch DOI-endpoint validation claim
taccl,adjacent conference,{TACCL}: Guiding Collective Algorithm Synthesis Using Communication Sketches,Aashaka Shah and Vijay Chidambaram and Meghan Cowan and Saeed Maleki and Madan Musuvathi and Todd Mytkowicz and Jacob Nelson and Olli Saarikivi and Rachee Singh,2023,20th USENIX Symposium on Networked Systems Design and Implementation,,,593--612,,https://www.usenix.org/system/files/nsdi23-shah.pdf,"Official full-paper source; sketch, routing/order, backend, evaluation passages consulted",Topology-aware synthesis and later fixed link-order constraints are acknowledged,VII.B,Canonical DOI or official scholarly record; not a batch DOI-endpoint validation claim
hete,adjacent conference,{HeteCCL}: Synthesizing Near-Optimal Collective Communication Schedules for Heterogeneous {GPU} Clusters,Chenyang Hei and Fuliang Li and Jiayi Li and Jiamin Cao and Chengxi Gao and Xiuzhu Sha and Tongrui Liu and Dengke Zhang and Ennan Zhai and Xingwei Wang,2026,23rd USENIX Symposium on Networked Systems Design and Implementation,,,2533--2551,,https://www.usenix.org/system/files/nsdi26-hei.pdf,"Official full-paper source; model/chunking, synthesis, backend and evaluation passages consulted",Heterogeneous quantization/CEGIS and physical execution are different freedoms/evidence,VII.B,Canonical DOI or official scholarly record; not a batch DOI-endpoint validation claim
