family,rho,cases,saturated_slower,mean_sat_over_selective,max_sat_over_selective,different_optimal_epochs,mean_entry_over_selective,mean_saturated_greedy_over_selective,mean_singleton_over_selective
allreduce,0,120,0,1.0,1.0,0,1.0019492404666823,1.0,1.103193030558162
allreduce,1,120,0,1.0,1.0,0,1.0648446180463644,1.0,1.191550268109068
allreduce,4,120,0,1.0,1.0,0,1.1802920346024917,1.0,1.3570946986818817
allreduce,16,120,0,1.0,1.0,0,1.3396202473425471,1.0,1.5923406219246097
broadcast,0,30,20,1.1127145272547037,1.4444444444444444,19,1.0908042248620164,1.1667684017905187,1.2871509937427699
broadcast,1,30,18,1.0632388047309451,1.2666666666666666,14,1.1354563003269795,1.1100097693544142,1.3873968777480876
broadcast,4,30,9,1.0116888440913356,1.075,3,1.2692444734909993,1.0476448199124102,1.6401167391235585
broadcast,16,30,6,1.004277832983392,1.0394736842105263,0,1.5512168295278754,1.0234594025785386,2.133135011909106
fork,0,15,12,1.9770903566104805,4.1,0,1.9770903566104805,1.9770903566104805,1.9770903566104805
fork,1,15,12,1.7724170274170274,3.5833333333333335,0,1.9684974747474748,1.7724170274170274,1.9684974747474748
fork,4,15,12,1.5027139648850176,2.7222222222222223,0,2.0014562698667113,1.5027139648850176,2.0014562698667113
fork,16,15,12,1.2248155769544136,1.7380952380952381,0,2.406095995814395,1.2248155769544136,2.406095995814395
pair-exchange,0,20,0,1.0,1.0,0,1.097807289492643,1.0,1.5856099054774826
pair-exchange,1,20,0,1.0,1.0,0,1.1921262813168647,1.0,1.8496700315902168
pair-exchange,4,20,0,1.0,1.0,0,1.408395172117172,1.0,2.4545730997093935
pair-exchange,16,20,0,1.0,1.0,0,1.836682049312333,1.0,3.6507170918915435
random-dag,0,40,15,1.0248036169658508,1.1290322580645162,8,1.107975030463908,1.1408496523636036,1.4445377489851634
random-dag,1,40,13,1.0196898500228078,1.1111111111111112,8,1.1602454587025912,1.1447636824864178,1.592849475911231
random-dag,4,40,9,1.0130735670698052,1.1333333333333333,3,1.2837447326537936,1.1734396648532646,1.9096932739166348
random-dag,16,40,8,1.009189529721462,1.1481481481481481,0,1.5065539442811766,1.2512577945868535,2.4357966025445017
total-chain,0,10,0,1.0,1.0,0,1.0,1.0,1.0
total-chain,1,10,0,1.0,1.0,0,1.0712961328562831,1.0590118100362462,1.0712961328562831
total-chain,4,10,0,1.0,1.0,0,1.2024816310490458,1.167713561067569,1.2024816310490458
total-chain,16,10,0,1.0,1.0,0,1.377095833791967,1.3125994487837291,1.377095833791967
unit-fork,0,5,5,1.5776190476190475,1.75,0,1.5776190476190475,1.5776190476190475,1.5776190476190475
unit-fork,1,5,5,1.3848701298701298,1.5,0,2.01491341991342,1.3848701298701298,2.01491341991342
unit-fork,4,5,5,1.1947726186856622,1.25,0,2.486418653809958,1.1947726186856622,2.486418653809958
unit-fork,16,5,5,1.065963128224062,1.0833333333333333,0,2.831404291085536,1.065963128224062,2.831404291085536
