m,L,rho,ratio
2,1,1,1.1666666666666667
2,8,1,1.6153846153846154
2,64,1,1.9275362318840579
2,512,1,1.990328820116054
4,1,1,1.2142857142857142
4,8,1,2.142857142857143
4,64,1,3.4935064935064934
4,512,1,3.9257142857142857
8,1,1,1.2333333333333334
8,8,1,2.5135135135135136
8,64,1,5.817204301075269
8,512,1,7.624768946395564
16,1,1,1.2419354838709677
16,8,1,2.739130434782609
16,64,1,8.68
16,512,1,14.403141361256544
32,1,1,1.246031746031746
32,8,1,2.8646616541353382
32,64,1,11.497354497354497
32,512,1,25.91679748822606
