case,tasks,ports,horizon,prefix,ratio,family
stress0000,3,4,6,18,3.0,broadcast
stress0001,3,4,7,18,2.5714285714285716,broadcast
stress0002,6,4,29,88,3.0344827586206895,broadcast
stress0003,6,4,39,88,2.2564102564102564,broadcast
stress0004,12,4,229,698,3.0480349344978164,broadcast
stress0005,12,4,292,698,2.3904109589041096,broadcast
stress0006,24,4,2795,8908,3.187119856887299,broadcast
stress0007,24,4,2829,8908,3.148815835984447,broadcast
stress0008,48,4,37652,164728,4.375013279507065,broadcast
stress0009,48,4,32962,164728,4.997512286875796,broadcast
stress0010,3,4,3,9,3.0,broadcast
stress0011,3,4,3,9,3.0,broadcast
stress0012,6,4,14,34,2.4285714285714284,broadcast
stress0013,6,4,13,34,2.6153846153846154,broadcast
stress0014,12,4,91,194,2.131868131868132,broadcast
stress0015,12,4,91,194,2.131868131868132,broadcast
stress0016,24,4,906,1780,1.9646799116997793,broadcast
stress0017,24,4,769,1780,2.314694408322497,broadcast
stress0018,48,4,11054,25192,2.278994029310657,broadcast
stress0019,48,4,10183,25192,2.4739271334577237,broadcast
stress0020,3,4,12,33,2.75,broadcast
stress0021,3,4,12,33,2.75,broadcast
stress0022,6,4,81,159,1.962962962962963,broadcast
stress0023,6,4,81,159,1.962962962962963,broadcast
stress0024,12,4,750,1122,1.496,broadcast
stress0025,12,4,750,1122,1.496,broadcast
stress0026,24,4,8748,10932,1.2496570644718792,broadcast
stress0027,24,4,8748,10932,1.2496570644718792,broadcast
stress0028,48,4,117912,132648,1.1249745572969672,broadcast
stress0029,48,4,117912,132648,1.1249745572969672,broadcast
stress0030,6,7,136,356,2.6176470588235294,broadcast
stress0031,6,7,124,356,2.870967741935484,broadcast
stress0032,12,7,1983,4492,2.265254664649521,broadcast
stress0033,12,7,1995,4492,2.251629072681704,broadcast
stress0034,24,7,59448,137192,2.307764769210066,broadcast
stress0035,24,7,61448,137192,2.2326519984377033,broadcast
stress0040,6,7,14,44,3.142857142857143,broadcast
stress0041,6,7,14,44,3.142857142857143,broadcast
stress0042,12,7,91,260,2.857142857142857,broadcast
stress0043,12,7,109,260,2.385321100917431,broadcast
stress0044,24,7,1052,3350,3.1844106463878328,broadcast
stress0045,24,7,1186,3350,2.824620573355818,broadcast
stress0046,48,7,31123,110105,3.5377373646499373,broadcast
stress0047,48,7,25089,110105,4.388576667065248,broadcast
stress0050,6,7,192,570,2.96875,broadcast
stress0051,6,7,192,570,2.96875,broadcast
stress0052,12,7,4374,8742,1.9986282578875172,broadcast
stress0053,12,7,4374,8742,1.9986282578875172,broadcast
stress0060,6,4,13,38,2.923076923076923,allreduce
stress0061,6,4,10,38,3.8,allreduce
stress0062,12,4,39,109,2.7948717948717947,allreduce
stress0063,12,4,29,109,3.7586206896551726,allreduce
stress0064,24,4,106,253,2.3867924528301887,allreduce
stress0065,24,4,72,253,3.513888888888889,allreduce
stress0066,48,4,207,541,2.6135265700483092,allreduce
stress0067,48,4,155,541,3.490322580645161,allreduce
stress0068,96,4,396,1117,2.8207070707070705,allreduce
stress0069,96,4,335,1117,3.334328358208955,allreduce
stress0070,6,4,7,19,2.7142857142857144,allreduce
stress0071,6,4,7,19,2.7142857142857144,allreduce
stress0072,12,4,15,39,2.6,allreduce
stress0073,12,4,15,39,2.6,allreduce
stress0074,24,4,31,79,2.5483870967741935,allreduce
stress0075,24,4,31,79,2.5483870967741935,allreduce
stress0076,48,4,63,159,2.5238095238095237,allreduce
stress0077,48,4,63,159,2.5238095238095237,allreduce
stress0078,96,4,127,319,2.5118110236220472,allreduce
stress0079,96,4,127,319,2.5118110236220472,allreduce
stress0080,6,4,27,69,2.5555555555555554,allreduce
stress0081,6,4,27,69,2.5555555555555554,allreduce
stress0082,12,4,117,237,2.0256410256410255,allreduce
stress0083,12,4,117,237,2.0256410256410255,allreduce
stress0084,24,4,303,579,1.9108910891089108,allreduce
stress0085,24,4,303,579,1.9108910891089108,allreduce
stress0086,48,4,675,1263,1.8711111111111112,allreduce
stress0087,48,4,675,1263,1.8711111111111112,allreduce
stress0088,96,4,1419,2631,1.854122621564482,allreduce
stress0089,96,4,1419,2631,1.854122621564482,allreduce
stress0090,12,7,282,716,2.5390070921985815,allreduce
stress0091,12,7,268,716,2.671641791044776,allreduce
stress0092,24,7,1520,3352,2.205263157894737,allreduce
stress0093,24,7,1450,3352,2.3117241379310345,allreduce
stress0094,48,7,3935,8624,2.191613722998729,allreduce
stress0095,48,7,3867,8624,2.2301525730540472,allreduce
stress0096,96,7,8825,19168,2.172011331444759,allreduce
stress0097,96,7,8640,19168,2.2185185185185183,allreduce
stress0098,192,7,18663,40256,2.1569951240422225,allreduce
stress0099,192,7,18266,40256,2.2038760538705793,allreduce
stress0100,12,7,31,91,2.935483870967742,allreduce
stress0101,12,7,31,91,2.935483870967742,allreduce
stress0102,24,7,65,185,2.8461538461538463,allreduce
stress0103,24,7,65,185,2.8461538461538463,allreduce
stress0104,48,7,133,373,2.8045112781954886,allreduce
stress0105,48,7,133,373,2.8045112781954886,allreduce
stress0106,96,7,269,749,2.7843866171003717,allreduce
stress0107,96,7,269,749,2.7843866171003717,allreduce
stress0108,192,7,541,1501,2.77449168207024,allreduce
stress0109,192,7,541,1501,2.77449168207024,allreduce
stress0110,12,7,390,1146,2.9384615384615387,allreduce
stress0111,12,7,390,1146,2.9384615384615387,allreduce
stress0112,24,7,4782,9906,2.071518193224592,allreduce
stress0113,24,7,4782,9906,2.071518193224592,allreduce
stress0114,48,7,13578,27438,2.02076889085285,allreduce
stress0115,48,7,13578,27438,2.02076889085285,allreduce
stress0120,8,4,105,915,8.714285714285714,random-dag
stress0121,8,4,105,657,6.257142857142857,random-dag
stress0122,8,4,34,281,8.264705882352942,random-dag
stress0123,8,4,144,587,4.076388888888889,random-dag
stress0124,8,4,14,49,3.5,random-dag
stress0125,8,4,49,121,2.4693877551020407,random-dag
stress0126,12,4,504,7773,15.422619047619047,random-dag
stress0127,12,4,528,3093,5.857954545454546,random-dag
stress0128,12,4,144,1070,7.430555555555555,random-dag
stress0129,12,4,349,1332,3.816618911174785,random-dag
stress0130,12,4,30,102,3.4,random-dag
stress0131,12,4,64,156,2.4375,random-dag
stress0132,16,4,1710,35637,20.840350877192982,random-dag
stress0133,16,4,1176,19527,16.604591836734695,random-dag
stress0134,16,4,273,1982,7.26007326007326,random-dag
stress0135,16,4,584,2476,4.239726027397261,random-dag
stress0136,16,4,58,205,3.5344827586206895,random-dag
stress0137,16,4,75,220,2.933333333333333,random-dag
stress0140,24,4,728,3244,4.456043956043956,random-dag
stress0141,24,4,1027,5397,5.255111976630964,random-dag
stress0142,24,4,103,331,3.2135922330097086,random-dag
stress0143,24,4,103,317,3.0776699029126213,random-dag
stress0146,32,4,1938,6733,3.474200206398349,random-dag
stress0147,32,4,1299,6742,5.190146266358737,random-dag
stress0148,32,4,199,573,2.879396984924623,random-dag
stress0149,32,4,145,450,3.103448275862069,random-dag
stress0150,8,6,345,1831,5.3072463768115945,random-dag
stress0151,8,6,832,5751,6.912259615384615,random-dag
stress0152,8,6,76,385,5.065789473684211,random-dag
stress0153,8,6,435,1507,3.464367816091954,random-dag
stress0154,8,6,19,67,3.526315789473684,random-dag
stress0155,8,6,102,325,3.1862745098039214,random-dag
stress0156,12,6,13924,55717,4.001508187302499,random-dag
stress0157,12,6,11681,114036,9.762520332163342,random-dag
stress0158,12,6,1896,5243,2.765295358649789,random-dag
stress0159,12,6,1748,6200,3.5469107551487413,random-dag
stress0160,12,6,69,285,4.130434782608695,random-dag
stress0161,12,6,221,780,3.5294117647058822,random-dag
stress0164,16,6,4789,13411,2.8003758613489245,random-dag
stress0165,16,6,10189,26922,2.642261262145451,random-dag
stress0166,16,6,115,448,3.8956521739130436,random-dag
stress0167,16,6,774,2319,2.996124031007752,random-dag
stress0170,24,6,25205,60438,2.3978575679428684,random-dag
stress0172,24,6,222,927,4.175675675675675,random-dag
stress0173,24,6,1299,4108,3.162432640492687,random-dag
stress0176,32,6,53330,124551,2.335477217326083,random-dag
stress0178,32,6,315,1311,4.161904761904762,random-dag
stress0179,32,6,1431,4593,3.209643605870021,random-dag
stress0180,8,8,664,3018,4.545180722891566,random-dag
stress0181,8,8,559,2491,4.456171735241503,random-dag
stress0182,8,8,288,945,3.28125,random-dag
stress0183,8,8,352,1431,4.065340909090909,random-dag
stress0184,8,8,54,150,2.7777777777777777,random-dag
stress0185,8,8,101,298,2.9504950495049505,random-dag
stress0186,12,8,20338,108850,5.352050349100207,random-dag
stress0187,12,8,31037,143598,4.626671392209299,random-dag
stress0188,12,8,5406,13676,2.529781724010359,random-dag
stress0189,12,8,3118,8196,2.628608082103913,random-dag
stress0190,12,8,266,774,2.9097744360902253,random-dag
stress0191,12,8,332,974,2.933734939759036,random-dag
stress0194,16,8,29716,80025,2.692993673441917,random-dag
stress0195,16,8,17572,50805,2.8912474391076715,random-dag
stress0196,16,8,580,1867,3.2189655172413794,random-dag
stress0197,16,8,424,1315,3.1014150943396226,random-dag
stress0201,24,8,29374,79148,2.694491727377953,random-dag
stress0202,24,8,1178,4354,3.6960950764006792,random-dag
stress0203,24,8,730,2378,3.2575342465753425,random-dag
stress0207,32,8,65720,185794,2.827054169202678,random-dag
stress0208,32,8,2083,7989,3.8353336533845415,random-dag
stress0209,32,8,1888,7188,3.8072033898305087,random-dag
